Workbook

Sheet Resumen
A1: Resumen por participante
A2: Registros de línea base exportados al 28 oct 2026. Cobertura = horas con latido cada ≤45 min / horas entre primer y último evento. Criterio de inclusión: ≥24 h cubiertas y ≥30 min de reels.
A4: Participante | B4: Dispositivo | C4: Marca | D4: Primer evento | E4: Último evento | F4: Horas registradas | G4: Horas cubiertas | H4: Cobertura | I4: Reinicios del servicio | J4: Visitas a Instagram | K4: Sesiones (fusión 60 s) | L4: Mediana visita (s) | M4: Horas en Instagram | N4: Minutos en reels | O4: Incluido en composición
A5: U1 | B5: V2419 | C5: vivo | D5: 22-10 19:25 | E5: 28-10 12:32 | F5: 137.1 | G5: 96.5 | H5: =IFERROR(G5/F5,0) -> 0.70386579 | I5: 8 | J5: 576 | K5: 306 | L5: 15 | M5: 8.7 | N5: =Composicion!E5/60 -> 45.85 | O5: =IF(AND(G5>=24,N5>=30),"Sí","No") -> Sí
A6: U2 | B6: SM-A266M | C6: Samsung | D6: 22-10 23:40 | E6: 28-10 11:01 | F6: 131.3 | G6: 130.6 | H6: =IFERROR(G6/F6,0) -> 0.9946687 | I6: 4 | J6: 881 | K6: 388 | L6: 13 | M6: 16 | N6: =Composicion!E6/60 -> 443.68333 | O6: =IF(AND(G6>=24,N6>=30),"Sí","No") -> Sí
A7: U3 | B7: SM-A736B | C7: Samsung | D7: 26-10 17:22 | E7: 28-10 10:59 | F7: 41.6 | G7: 41.2 | H7: =IFERROR(G7/F7,0) -> 0.99038462 | I7: 2 | J7: 101 | K7: 65 | L7: 71 | M7: 5 | N7: =Composicion!E7/60 -> 120.05 | O7: =IF(AND(G7>=24,N7>=30),"Sí","No") -> Sí
A8: U4 | B8: 23129RA5FL | C8: Xiaomi | D8: 22-10 23:46 | E8: 24-10 18:00 | F8: 42.2 | G8: 42.2 | H8: =IFERROR(G8/F8,0) -> 1 | I8: 1 | J8: 19 | K8: 14 | L8: 29 | M8: 0.4 | N8: =Composicion!E8/60 -> 1.4166667 | O8: =IF(AND(G8>=24,N8>=30),"Sí","No") -> No
A9: U5 | B9: 2406APNFAG | C9: Xiaomi | D9: 22-10 17:03 | E9: 27-10 03:32 | F9: 106.5 | G9: 92.1 | H9: =IFERROR(G9/F9,0) -> 0.86478873 | I9: 4 | J9: 89 | K9: 62 | L9: 183 | M9: 15.8 | N9: =Composicion!E9/60 -> 597.53333 | O9: =IF(AND(G9>=24,N9>=30),"Sí","No") -> Sí
A10: U6 | B10: SM-G781B | C10: Samsung | D10: 22-10 22:32 | E10: 28-10 10:57 | F10: 132.4 | G10: 126.3 | H10: =IFERROR(G10/F10,0) -> 0.95392749 | I10: 15 | J10: 333 | K10: 247 | L10: 60 | M10: 12.2 | N10: =Composicion!E10/60 -> 245.21667 | O10: =IF(AND(G10>=24,N10>=30),"Sí","No") -> Sí
A11: U7 | B11: V2318 | C11: vivo | D11: 28-10 14:10 | E11: 28-10 16:08 | F11: 2 | G11: 2 | H11: =IFERROR(G11/F11,0) -> 1 | I11: 1 | J11: 4 | K11: 2 | L11: 66 | M11: 0.1 | N11: =Composicion!E11/60 -> 0.21666667 | O11: =IF(AND(G11>=24,N11>=30),"Sí","No") -> No
A12: U8 | B12: Redmi Note 9 Pro | C12: Xiaomi | D12: 22-10 22:27 | E12: 28-10 05:13 | F12: 126.8 | G12: 45.7 | H12: =IFERROR(G12/F12,0) -> 0.36041009 | I12: 7 | J12: 98 | K12: 87 | L12: 76 | M12: 5.6 | N12: =Composicion!E12/60 -> 97.233333 | O12: =IF(AND(G12>=24,N12>=30),"Sí","No") -> Sí
A13: Total | F13: =SUM(F5:F12) -> 719.9 | G13: =SUM(G5:G12) -> 576.6 | H13: =G13/F13 -> 0.80094458 | I13: =SUM(I5:I12) -> 42 | J13: =SUM(J5:J12) -> 2101 | K13: =SUM(K5:K12) -> 1171 | M13: =SUM(M5:M12) -> 63.8 | N13: =SUM(N5:N12) -> 1551.2 | O13: =COUNTIF(O5:O12,"Sí") -> 6

Sheet Composicion
A1: Composición del tiempo en reels (proxy v1)
A2: Segundos por categoría según el origen del contenido. DESCONOCIDO = "visor sin señales claras".
A4: Participante | B4: DIRIGIDO (s) | C4: ARRASTRE (s) | D4: DESCONOCIDO (s) | E4: Total reels (s) | F4: % dirigido | G4: % arrastre | H4: % desconocido
A5: U1 | B5: 810 | C5: 1619 | D5: 322 | E5: =SUM(B5:D5) -> 2751 | F5: =IFERROR(B5/E5,0) -> 0.29443839 | G5: =IFERROR(C5/E5,0) -> 0.58851327 | H5: =IFERROR(D5/E5,0) -> 0.11704835
A6: U2 | B6: 1592 | C6: 20282 | D6: 4747 | E6: =SUM(B6:D6) -> 26621 | F6: =IFERROR(B6/E6,0) -> 0.059802412 | G6: =IFERROR(C6/E6,0) -> 0.76187972 | H6: =IFERROR(D6/E6,0) -> 0.17831787
A7: U3 | B7: 590 | C7: 2947 | D7: 3666 | E7: =SUM(B7:D7) -> 7203 | F7: =IFERROR(B7/E7,0) -> 0.081910315 | G7: =IFERROR(C7/E7,0) -> 0.40913508 | H7: =IFERROR(D7/E7,0) -> 0.5089546
A8: U4 | B8: 85 | C8: 0 | D8: 0 | E8: =SUM(B8:D8) -> 85 | F8: =IFERROR(B8/E8,0) -> 1 | G8: =IFERROR(C8/E8,0) -> 0 | H8: =IFERROR(D8/E8,0) -> 0
A9: U5 | B9: 1799 | C9: 17098 | D9: 16955 | E9: =SUM(B9:D9) -> 35852 | F9: =IFERROR(B9/E9,0) -> 0.050178512 | G9: =IFERROR(C9/E9,0) -> 0.47690505 | H9: =IFERROR(D9/E9,0) -> 0.47291643
A10: U6 | B10: 7387 | C10: 1621 | D10: 5705 | E10: =SUM(B10:D10) -> 14713 | F10: =IFERROR(B10/E10,0) -> 0.502073 | G10: =IFERROR(C10/E10,0) -> 0.11017468 | H10: =IFERROR(D10/E10,0) -> 0.38775233
A11: U7 | B11: 13 | C11: 0 | D11: 0 | E11: =SUM(B11:D11) -> 13 | F11: =IFERROR(B11/E11,0) -> 1 | G11: =IFERROR(C11/E11,0) -> 0 | H11: =IFERROR(D11/E11,0) -> 0
A12: U8 | B12: 2351 | C12: 1075 | D12: 2408 | E12: =SUM(B12:D12) -> 5834 | F12: =IFERROR(B12/E12,0) -> 0.40298252 | G12: =IFERROR(C12/E12,0) -> 0.18426466 | H12: =IFERROR(D12/E12,0) -> 0.41275283
A13: Total | B13: =SUM(B5:B12) -> 14627 | C13: =SUM(C5:C12) -> 44642 | D13: =SUM(D5:D12) -> 33803 | E13: =SUM(E5:E12) -> 93072 | F13: =B13/E13 -> 0.1571579 | G13: =C13/E13 -> 0.47965016 | H13: =D13/E13 -> 0.36319194

Sheet Anuncios por segmento
A1: Densidad de anuncios por tipo de segmento (todos los participantes)
A2: Evidencia para la regla 2 de v2: los DESCONOCIDO que siguen a explorar/perfil tienen tantos anuncios como el ARRASTRE. "tras X" = fuente del segmento que inició la cadena.
A4: Tipo de segmento | B4: Reels | C4: Anuncios | D4: No seguidas | E4: Minutos | F4: Anuncios por reel | G4: No seguidas por reel
A5: ARRASTRE | B5: 2008 | C5: 399 | D5: 1425 | E5: 744 | F5: =IFERROR(C5/B5,0) -> 0.19870518 | G5: =IFERROR(D5/B5,0) -> 0.70966135
A6: DIRIGIDO | B6: 884 | C6: 19 | D6: 722 | E6: 244 | F6: =IFERROR(C6/B6,0) -> 0.021493213 | G6: =IFERROR(D6/B6,0) -> 0.81674208
A7: DESCONOCIDO tras explorar | B7: 599 | C7: 122 | D7: 443 | E7: 198 | F7: =IFERROR(C7/B7,0) -> 0.20367279 | G7: =IFERROR(D7/B7,0) -> 0.73956594
A8: DESCONOCIDO tras sin contexto | B8: 394 | C8: 15 | D8: 370 | E8: 172 | F8: =IFERROR(C8/B8,0) -> 0.038071066 | G8: =IFERROR(D8/B8,0) -> 0.93908629
A9: DESCONOCIDO tras explorar deslizando | B9: 237 | C9: 48 | D9: 179 | E9: 92 | F9: =IFERROR(C9/B9,0) -> 0.20253165 | G9: =IFERROR(D9/B9,0) -> 0.75527426
A10: DESCONOCIDO tras perfil | B10: 170 | C10: 29 | D10: 122 | E10: 90 | F10: =IFERROR(C10/B10,0) -> 0.17058824 | G10: =IFERROR(D10/B10,0) -> 0.71764706
A11: DESCONOCIDO tras pestaña reels | B11: 17 | C11: 7 | D11: 8 | E11: 4 | F11: =IFERROR(C11/B11,0) -> 0.41176471 | G11: =IFERROR(D11/B11,0) -> 0.47058824
A12: DESCONOCIDO tras sugerencias | B12: 6 | C12: 0 | D12: 6 | E12: 4 | F12: =IFERROR(C12/B12,0) -> 0 | G12: =IFERROR(D12/B12,0) -> 1
A13: DESCONOCIDO tras enviado por mensaje | B13: 6 | C13: 0 | D13: 3 | E13: 2 | F13: =IFERROR(C13/B13,0) -> 0 | G13: =IFERROR(D13/B13,0) -> 0.5

Sheet Pregunta in situ
A1: Embudo de la pregunta in situ
A2: Disparadas = mostradas + descartadas + vencidas + saltadas. Descartadas "vuelve" = la persona volvió a Instagram antes de responder.
A4: Participante | B4: Disparadas | C4: Mostradas | D4: Respondidas | E4: Abandonadas | F4: Descartadas: vuelve a IG | G4: Descartadas: bloqueo | H4: Vencidas | I4: Vuelve en ≤60 s | J4: Saltadas | K4: Tasa de respuesta | L4: % descartadas por volver | M4: % vueltas en ≤60 s
A5: U1 | B5: =C5+F5+G5+H5+J5 -> 80 | C5: 28 | D5: 24 | E5: 4 | F5: 49 | G5: 0 | H5: 3 | I5: 31 | J5: 0 | K5: =IFERROR(D5/B5,0) -> 0.3 | L5: =IFERROR(F5/B5,0) -> 0.6125 | M5: =IFERROR(I5/F5,0) -> 0.63265306
A6: U2 | B6: =C6+F6+G6+H6+J6 -> 155 | C6: 39 | D6: 31 | E6: 8 | F6: 102 | G6: 2 | H6: 12 | I6: 94 | J6: 0 | K6: =IFERROR(D6/B6,0) -> 0.2 | L6: =IFERROR(F6/B6,0) -> 0.65806452 | M6: =IFERROR(I6/F6,0) -> 0.92156863
A7: U3 | B7: =C7+F7+G7+H7+J7 -> 20 | C7: 15 | D7: 9 | E7: 4 | F7: 3 | G7: 0 | H7: 0 | I7: 3 | J7: 2 | K7: =IFERROR(D7/B7,0) -> 0.45 | L7: =IFERROR(F7/B7,0) -> 0.15 | M7: =IFERROR(I7/F7,0) -> 1
A8: U4 | B8: =C8+F8+G8+H8+J8 -> 6 | C8: 6 | D8: 4 | E8: 2 | F8: 0 | G8: 0 | H8: 0 | I8: 0 | J8: 0 | K8: =IFERROR(D8/B8,0) -> 0.66666667 | L8: =IFERROR(F8/B8,0) -> 0 | M8: =IFERROR(I8/F8,0) -> 0
A9: U5 | B9: =C9+F9+G9+H9+J9 -> 35 | C9: 19 | D9: 16 | E9: 1 | F9: 4 | G9: 9 | H9: 1 | I9: 3 | J9: 2 | K9: =IFERROR(D9/B9,0) -> 0.45714286 | L9: =IFERROR(F9/B9,0) -> 0.11428571 | M9: =IFERROR(I9/F9,0) -> 0.75
A10: U6 | B10: =C10+F10+G10+H10+J10 -> 51 | C10: 47 | D10: 45 | E10: 1 | F10: 2 | G10: 0 | H10: 1 | I10: 2 | J10: 1 | K10: =IFERROR(D10/B10,0) -> 0.88235294 | L10: =IFERROR(F10/B10,0) -> 0.039215686 | M10: =IFERROR(I10/F10,0) -> 1
A11: U7 | B11: =C11+F11+G11+H11+J11 -> 1 | C11: 1 | D11: 1 | E11: 0 | F11: 0 | G11: 0 | H11: 0 | I11: 0 | J11: 0 | K11: =IFERROR(D11/B11,0) -> 1 | L11: =IFERROR(F11/B11,0) -> 0 | M11: =IFERROR(I11/F11,0) -> 0
A12: U8 | B12: =C12+F12+G12+H12+J12 -> 44 | C12: 15 | D12: 14 | E12: 1 | F12: 17 | G12: 0 | H12: 12 | I12: 5 | J12: 0 | K12: =IFERROR(D12/B12,0) -> 0.31818182 | L12: =IFERROR(F12/B12,0) -> 0.38636364 | M12: =IFERROR(I12/F12,0) -> 0.29411765
A13: Total | B13: =SUM(B5:B12) -> 392 | C13: =SUM(C5:C12) -> 170 | D13: =SUM(D5:D12) -> 144 | E13: =SUM(E5:E12) -> 21 | F13: =SUM(F5:F12) -> 177 | G13: =SUM(G5:G12) -> 11 | H13: =SUM(H5:H12) -> 29 | I13: =SUM(I5:I12) -> 138 | J13: =SUM(J5:J12) -> 5 | K13: =D13/B13 -> 0.36734694 | L13: =F13/B13 -> 0.45153061 | M13: =I13/F13 -> 0.77966102

Sheet Motivo vs contenido
A1: Motivo declarado vs contenido de la visita
A2: Respuestas de todos los participantes, cruzadas con los segmentos registrados durante la visita a la que refieren. Sustenta H4: "habitual" ocurre mayormente sin reels.
A4: Respuesta | B4: Sin reels | C4: Con arrastre | D4: Desconocido | E4: Solo dirigido | F4: Total | G4: % sin reels | H4: % con arrastre
A5: habitual | B5: 45 | C5: 14 | D5: 6 | E5: 9 | F5: =SUM(B5:E5) -> 74 | G5: =IFERROR(B5/F5,0) -> 0.60810811 | H5: =IFERROR(C5/F5,0) -> 0.18918919
A6: instrumental | B6: 41 | C6: 7 | D6: 1 | E6: 4 | F6: =SUM(B6:E6) -> 53 | G6: =IFERROR(B6/F6,0) -> 0.77358491 | H6: =IFERROR(C6/F6,0) -> 0.13207547
A7: no_se | B7: 11 | C7: 4 | D7: 0 | E7: 2 | F7: =SUM(B7:E7) -> 17 | G7: =IFERROR(B7/F7,0) -> 0.64705882 | H7: =IFERROR(C7/F7,0) -> 0.23529412
A8: Total | B8: =SUM(B5:B7) -> 97 | C8: =SUM(C5:C7) -> 25 | D8: =SUM(D5:D7) -> 7 | E8: =SUM(E5:E7) -> 15 | F8: =SUM(F5:F7) -> 144 | G8: =B8/F8 -> 0.67361111 | H8: =C8/F8 -> 0.17361111

Sheet Simulacion v2
A1: Simulación de las reglas v2 sobre la línea base
A2: R1 = herencia de entrada (explorar, explorar deslizando, perfil). R2 = segmento con anuncio. Segundos que quedan DESCONOCIDO tras cada regla.
A4: Participante | B4: Reels (s) | C4: DESCONOCIDO v1 (s) | D4: Queda con R1 (s) | E4: Queda con R2 (s) | F4: Queda con R1+R2 (s) | G4: % v1 | H4: % R1 | I4: % R2 | J4: % R1+R2 | K4: Criterio ≤10 % | L4: Criterio (editable)
A5: U1 | B5: =Composicion!E5 -> 2751 | C5: 322 | D5: 37 | E5: 217 | F5: 37 | G5: =IFERROR(C5/B5,0) -> 0.11704835 | H5: =IFERROR(D5/B5,0) -> 0.013449655 | I5: =IFERROR(E5/B5,0) -> 0.078880407 | J5: =IFERROR(F5/B5,0) -> 0.013449655 | K5: =IF(B5<1800,"Excluido (<30 min)",IF(J5<=$M$5,"Cumple","No cumple")) -> Cumple | L5: Máx. DESCONOCIDO | M5: 0.1
A6: U2 | B6: =Composicion!E6 -> 26621 | C6: 4747 | D6: 624 | E6: 1930 | F6: 544 | G6: =IFERROR(C6/B6,0) -> 0.17831787 | H6: =IFERROR(D6/B6,0) -> 0.023440141 | I6: =IFERROR(E6/B6,0) -> 0.072499155 | J6: =IFERROR(F6/B6,0) -> 0.020434995 | K6: =IF(B6<1800,"Excluido (<30 min)",IF(J6<=$M$5,"Cumple","No cumple")) -> Cumple
A7: U3 | B7: =Composicion!E7 -> 7203 | C7: 3666 | D7: 5 | E7: 821 | F7: 5 | G7: =IFERROR(C7/B7,0) -> 0.5089546 | H7: =IFERROR(D7/B7,0) -> 0.00069415521 | I7: =IFERROR(E7/B7,0) -> 0.11398029 | J7: =IFERROR(F7/B7,0) -> 0.00069415521 | K7: =IF(B7<1800,"Excluido (<30 min)",IF(J7<=$M$5,"Cumple","No cumple")) -> Cumple
A8: U4 | B8: =Composicion!E8 -> 85 | C8: 0 | D8: 0 | E8: 0 | F8: 0 | G8: =IFERROR(C8/B8,0) -> 0 | H8: =IFERROR(D8/B8,0) -> 0 | I8: =IFERROR(E8/B8,0) -> 0 | J8: =IFERROR(F8/B8,0) -> 0 | K8: =IF(B8<1800,"Excluido (<30 min)",IF(J8<=$M$5,"Cumple","No cumple")) -> Excluido (<30 min)
A9: U5 | B9: =Composicion!E9 -> 35852 | C9: 16955 | D9: 9698 | E9: 997 | F9: 915 | G9: =IFERROR(C9/B9,0) -> 0.47291643 | H9: =IFERROR(D9/B9,0) -> 0.27050095 | I9: =IFERROR(E9/B9,0) -> 0.027808769 | J9: =IFERROR(F9/B9,0) -> 0.025521589 | K9: =IF(B9<1800,"Excluido (<30 min)",IF(J9<=$M$5,"Cumple","No cumple")) -> Cumple
A10: U6 | B10: =Composicion!E10 -> 14713 | C10: 5705 | D10: 364 | E10: 2143 | F10: 364 | G10: =IFERROR(C10/B10,0) -> 0.38775233 | H10: =IFERROR(D10/B10,0) -> 0.024740026 | I10: =IFERROR(E10/B10,0) -> 0.1456535 | J10: =IFERROR(F10/B10,0) -> 0.024740026 | K10: =IF(B10<1800,"Excluido (<30 min)",IF(J10<=$M$5,"Cumple","No cumple")) -> Cumple
A11: U7 | B11: =Composicion!E11 -> 13 | C11: 0 | D11: 0 | E11: 0 | F11: 0 | G11: =IFERROR(C11/B11,0) -> 0 | H11: =IFERROR(D11/B11,0) -> 0 | I11: =IFERROR(E11/B11,0) -> 0 | J11: =IFERROR(F11/B11,0) -> 0 | K11: =IF(B11<1800,"Excluido (<30 min)",IF(J11<=$M$5,"Cumple","No cumple")) -> Excluido (<30 min)
A12: U8 | B12: =Composicion!E12 -> 5834 | C12: 2408 | D12: 266 | E12: 1513 | F12: 266 | G12: =IFERROR(C12/B12,0) -> 0.41275283 | H12: =IFERROR(D12/B12,0) -> 0.045594789 | I12: =IFERROR(E12/B12,0) -> 0.25934179 | J12: =IFERROR(F12/B12,0) -> 0.045594789 | K12: =IF(B12<1800,"Excluido (<30 min)",IF(J12<=$M$5,"Cumple","No cumple")) -> Cumple
A13: Total | B13: =SUM(B5:B12) -> 93072 | C13: =SUM(C5:C12) -> 33803 | D13: =SUM(D5:D12) -> 10994 | E13: =SUM(E5:E12) -> 7621 | F13: =SUM(F5:F12) -> 2131 | G13: =C13/B13 -> 0.36319194 | H13: =D13/B13 -> 0.1181236 | I13: =E13/B13 -> 0.081882843 | J13: =F13/B13 -> 0.022896252

Sheet Sesiones
A1: Fusión de visitas en sesiones (tarea 1)
A2: Número de sesiones si se unen visitas separadas por menos de la ventana indicada. Base para elegir VENTANA_FUSION_S.
A4: Participante | B4: Visitas | C4: Sesiones (10 s) | D4: Sesiones (30 s) | E4: Sesiones (60 s) | F4: Sesiones (120 s) | G4: Reducción con 60 s | H4: Descartes por volver | I4: …cubiertos con 60 s | J4: …cubiertos con 300 s
A5: U1 | B5: 576 | C5: 448 | D5: 395 | E5: 306 | F5: 241 | G5: =IFERROR(1-E5/B5,0) -> 0.46875 | H5: 49 | I5: 31 | J5: 41
A6: U2 | B6: 881 | C6: 513 | D6: 462 | E6: 388 | F6: 315 | G6: =IFERROR(1-E6/B6,0) -> 0.55959137 | H6: 102 | I6: 94 | J6: 102
A7: U3 | B7: 101 | C7: 82 | D7: 76 | E7: 65 | F7: 54 | G7: =IFERROR(1-E7/B7,0) -> 0.35643564 | H7: 3 | I7: 3 | J7: 3
A8: U4 | B8: 19 | C8: 19 | D8: 17 | E8: 14 | F8: 14 | G8: =IFERROR(1-E8/B8,0) -> 0.26315789 | H8: 0 | I8: 0 | J8: 0
A9: U5 | B9: 89 | C9: 74 | D9: 67 | E9: 62 | F9: 54 | G9: =IFERROR(1-E9/B9,0) -> 0.30337079 | H9: 4 | I9: 3 | J9: 4
A10: U6 | B10: 333 | C10: 292 | D10: 268 | E10: 247 | F10: 220 | G10: =IFERROR(1-E10/B10,0) -> 0.25825826 | H10: 2 | I10: 2 | J10: 2
A11: U7 | B11: 4 | C11: 3 | D11: 2 | E11: 2 | F11: 2 | G11: =IFERROR(1-E11/B11,0) -> 0.5 | H11: 0 | I11: 0 | J11: 0
A12: U8 | B12: 98 | C12: 95 | D12: 95 | E12: 87 | F12: 76 | G12: =IFERROR(1-E12/B12,0) -> 0.1122449 | H12: 17 | I12: 5 | J12: 12
A13: Total | B13: =SUM(B5:B12) -> 2101 | C13: =SUM(C5:C12) -> 1526 | D13: =SUM(D5:D12) -> 1382 | E13: =SUM(E5:E12) -> 1171 | F13: =SUM(F5:F12) -> 976 | G13: =1-E13/B13 -> 0.44264636 | H13: =SUM(H5:H12) -> 177 | I13: =SUM(I5:I12) -> 138 | J13: =SUM(J5:J12) -> 164

Sheet Umbrales
A1: Arrastre por visita: base para el umbral por persona (tarea 4)
A2: Percentiles calculados en Python sobre visitas con arrastre > 0 (valores fijos, no fórmulas). Umbral propuesto = p75.
A4: Participante | B4: Visitas con arrastre | C4: p50 arrastre (s) | D4: p75 arrastre (s) = umbral | E4: ¿Suficientes datos? (≥10)
A5: U1 | B5: 24 | C5: 52 | D5: 73 | E5: Sí
A6: U2 | B6: 98 | C6: 76 | D6: 236 | E6: Sí
A7: U3 | B7: 22 | C7: 60 | D7: 192 | E7: Sí
A8: U4 | B8: 0 | E8: No (usar valor por defecto)
A9: U5 | B9: 35 | C9: 60 | D9: 474 | E9: Sí
A10: U6 | B10: 51 | C10: 18 | D10: 42 | E10: Sí
A11: U7 | B11: 0 | E11: No (usar valor por defecto)
A12: U8 | B12: 7 | C12: 116 | D12: 210 | E12: No (usar valor por defecto)

Sheet Notas
A1: Notas y supuestos
A3: Fuente: archivos estudio-U*-2026-10-28.tsv (registros-dia6). U7 empezó el 28 oct a las 14:10; casi sin datos.
A4: U4 deja de registrar el 24 oct; U5 el 27 oct; U1 tiene un hueco de ~41 h al inicio.
A5: Cobertura estimada por latidos (cada 30 min): un hueco >45 min cuenta como tiempo sin registro. No distingue teléfono apagado de servicio detenido.
A6: Fusión de sesiones: visitas separadas por ≤ ventana se consideran la misma sesión.
A7: Simulación v2: R1 y R2 se aplican solo a segmentos DESCONOCIDO; DIRIGIDO y ARRASTRE no cambian.
A8: Cifras preliminares: se recalculan con el corte final (vie 30 oct, 10:00).
A9: Celdas en azul con fondo amarillo = parámetros editables.
